,mean,variance,std
"$b_{\alpha,1}$ [deg]",0.9925471854347716,0.1887973206724606,0.4345081364859128
"$b_{\alpha,2}$ [deg]",0.01872066304895513,0.195149487347097,0.4417572719798702
"$b_{\alpha,3}$ [deg]",-0.7833439114733451,0.1813194020886904,0.42581615996658745
"$b_{\alpha,4}$ [deg]",-1.8419621564199042,0.253174054254538,0.5031640430858886
"$b_{\alpha,5}$ [deg]",-0.5620647237703635,0.2530687081973564,0.5030593485836004
