,mean,variance,std
"$b_{\alpha,1}$ [deg]",0.4628782841774474,0.313120521710424,0.5595717306212171
"$b_{\alpha,2}$ [deg]",1.1784384873938947,0.30426936555497325,0.5516061688877067
"$b_{\alpha,3}$ [deg]",1.3507620568389889,0.33793667100774116,0.5813232070094408
"$b_{\alpha,4}$ [deg]",-1.5367950045850147,0.2277134993574852,0.477193356363524
"$b_{\alpha,5}$ [deg]",-0.21716363791283233,0.23256830410514417,0.4822533609060119
